{"cameraMode":{"drawMode":0,"name":"Shaded","section":"Shading Mode"},"sceneLighting":false,"audioPlay":false,"sceneViewState":{"showFog":true,"showMaterialUpdate":true,"showSkybox":true,"showFlares":true,"showImageEffects":true,"showParticleSystems":true},"in2DMode":false,"pivot":{"x":-2.3488681316375734,"y":9.626557350158692,"z":-0.488200843334198},"rotation":{"x":-0.06403263658285141,"y":0.11410403251647949,"z":-0.0073699504137039188,"w":-0.9913769364356995},"size":4.262746334075928,"orthographic":false}