{"cameraMode":{"drawMode":0,"name":"Shaded","section":"Shading Mode"},"sceneLighting":true,"audioPlay":false,"sceneViewState":{"showFog":true,"showMaterialUpdate":false,"showSkybox":true,"showFlares":true,"showImageEffects":true,"showParticleSystems":true},"in2DMode":false,"pivot":{"x":-21.44826889038086,"y":-10.796735763549805,"z":61.703941345214847},"rotation":{"x":-0.12333430349826813,"y":0.8106505870819092,"z":-0.18452271819114686,"w":-0.5418357849121094},"size":42.678016662597659,"orthographic":false}